-- CONTAINS INSERT STATEMENTS USED FOR POPULATING THE DATABASE

--USER
INSERT INTO "user" (username, password, email, phone_number) VALUES
('johnsmith99', 'password123', 'john.smith99@example.com', '+359888111001'),
('maryjones88', 'securePass456', 'mary.jones88@example.com', '+359888111002'),
('kevinbrown77', 'passKev789', 'kevin.brown77@example.com', '+359888111003'),
('lindawhite66', 'LindaW!66', 'linda.white66@example.com', '+359888111004'),
('davidthomas55', 'davidT#555', 'david.thomas55@example.com', '+359888111005'),
('sarahwilson44', 'SarahSecure444', 'sarah.wilson44@example.com', '+359888111006'),
('robertmiller33', 'Robert_333', 'robert.miller33@example.com', '+359888111007'),
('patriciamoore22', 'Patricia222!', 'patricia.moore22@example.com', '+359888111008'),
('michaelgarcia11', 'MikeG@111', 'michael.garcia11@example.com', '+359888111009'),
('jenniferlopez99', 'JennLo99$', 'jennifer.lopez99@example.com', '+359888111010'),
('williamjones88', 'WillJ_888', 'william.jones88@example.com', '+359888111011'),
('barbaradavis77', 'BarbaraD777', 'barbara.davis77@example.com', '+359888111012'),
('jamesmartinez66', 'JamesMartinez66!', 'james.martinez66@example.com', '+359888111013'),
('elizabethanderson55', 'LizA_555', 'elizabeth.anderson55@example.com', '+359888111014'),
('charlesjackson44', 'ChuckJ!444', 'charles.jackson44@example.com', '+359888111015'),
('josephharris33', 'JoeHarris#333', 'joseph.harris33@example.com', '+359888111016'),
('susanclark22', 'SusanC_222', 'susan.clark22@example.com', '+359888111017'),
('thomasrodriguez11', 'TomRodriguez111$', 'thomas.rodriguez11@example.com', '+359888111018'),
('margaretlewis99', 'MaggieL_99', 'margaret.lewis99@example.com', '+359888111019'),
('danielwalker88', 'DanW888!', 'daniel.walker88@example.com', '+359888111020'),
('jessicarobinson77', 'JessRob77#', 'jessica.robinson77@example.com', '+359888111021'),
('paulhall66', 'PaulHall_66$', 'paul.hall66@example.com', '+359888111022'),
('rebeccayoung55', 'RebeccaY_555', 'rebecca.young55@example.com', '+359888111023'),
('georgeallen44', 'GeorgeA!444', 'george.allen44@example.com', '+359888111024'),
('stephenking33', 'StephenK333$', 'stephen.king33@example.com', '+359888111025'),
('dorothywright22', 'DorothyW_222', 'dorothy.wright22@example.com', '+359888111026'),
('ryanlopez11', 'RyanL_111', 'ryan.lopez11@example.com', '+359888111027'),
('amyscott99', 'AmyScott!99', 'amy.scott99@example.com', '+359888111028'),
('nancygreen88', 'NancyG_888', 'nancy.green88@example.com', '+359888111029'),
('donaldadams77', 'DonaldA#777', 'donald.adams77@example.com', '+359888111030'),
('andrewsanchez66', 'AndrewS_66$', 'andrew.sanchez66@example.com', '+359888111031'),
('kimberlylee55', 'KimLee555!', 'kimberly.lee55@example.com', '+359888111032'),
('jasonharris44', 'JasonH#444', 'jason.harris44@example.com', '+359888111033'),
('juliaward33', 'JuliaW_333$', 'julia.ward33@example.com', '+359888111034'),
('patrickmorris22', 'PatrickM_222', 'patrick.morris22@example.com', '+359888111035'),
('melissacook11', 'MelissaC_111$', 'melissa.cook11@example.com', '+359888111036'),
('erichall99', 'EricH_99!', 'eric.hall99@example.com', '+359888111037'),
('ashleybell88', 'AshleyB_888', 'ashley.bell88@example.com', '+359888111038'),
('timothyevans77', 'TimE#777', 'timothy.evans77@example.com', '+359888111039'),
('brandonmiller66', 'BrandonM_66$', 'brandon.miller66@example.com', '+359888111040'),
('heathermartin55', 'HeatherM_555!', 'heather.martin55@example.com', '+359888111041'),
('seanparker44', 'SeanP_444$', 'sean.parker44@example.com', '+359888111042'),
('victoriadavis33', 'VictoriaD_333', 'victoria.davis33@example.com', '+359888111043'),
('joelhill22', 'JoelH_222$', 'joel.hill22@example.com', '+359888111044'),
('mariagarcia11', 'MariaG_111!', 'maria.garcia11@example.com', '+359888111045'),
('petersanchez99', 'PeterS_99$', 'peter.sanchez99@example.com', '+359888111046'),
('angelahall88', 'AngelaH_888!', 'angela.hall88@example.com', '+359888111047'),
('benjaminbrown77', 'BenB_777$', 'benjamin.brown77@example.com', '+359888111048'),
('jacoblopez66', 'JacobL_66!', 'jacob.lopez66@example.com', '+359888111049'),
('cynthiamitchell55', 'CynthiaM_555$', 'cynthia.mitchell55@example.com', '+359888111050');

-- ADDRESS
-- Street addresses
INSERT INTO "address" (region, city, street, number, postal_code) VALUES
('Sofia', 'Sofia', 'Vitosha Blvd', 15, 1000),
('Plovdiv', 'Plovdiv', 'Maritsa St', 42, 4000),
('Varna', 'Varna', 'Black Sea St', 8, 9000),
('Burgas', 'Burgas', 'Lazur St', 23, 8000),
('Ruse', 'Ruse', 'Danube St', 11, 7000),
('Pleven', 'Pleven', 'Vasil Levski St', 18, 5800),
('Stara Zagora', 'Stara Zagora', 'Beroe Blvd', 27, 6000),
('Blagoevgrad', 'Blagoevgrad', 'Pirin St', 36, 2700),
('Shumen', 'Shumen', 'Pliska St', 9, 9700),
('Veliko Tarnovo', 'Veliko Tarnovo', 'Tsarevets St', 45, 5000);

-- Apartment block addresses
INSERT INTO "address" (region, city, neighbourhood, number, entrance, floor, apartment, postal_code) VALUES
('Sofia', 'Sofia', 'Mladost', 12, 'B', 3, 15, 1712),
('Plovdiv', 'Plovdiv', 'Trakia', 7, 'A', 2, 8, 4023),
('Varna', 'Varna', 'Chayka', 21, 'C', 5, 22, 9010),
('Burgas', 'Burgas', 'Zornitsa', 9, 'D', 6, 30, 8010),
('Ruse', 'Ruse', 'Druzhba', 4, 'E', 4, 10, 7015),
('Pleven', 'Pleven', 'Storgozia', 14, 'A', 1, 5, 5810),
('Stara Zagora', 'Stara Zagora', 'Kolio Ganchev', 6, 'B', 2, 12, 6010),
('Blagoevgrad', 'Blagoevgrad', 'Elenovo', 19, 'C', 4, 20, 2710),
('Shumen', 'Shumen', 'Dobri Voynikov', 11, 'D', 5, 25, 9710),
('Veliko Tarnovo', 'Veliko Tarnovo', 'Kartala', 7, 'E', 3, 15, 5010);

-- USER_ADDRESS
INSERT INTO "user_address" (user_id, address_id, is_default) VALUES
(1, 3, 1),
(2, 5, 1),
(3, 8, 1),
(4, 10, 1),
(5, 12, 1),
(6, 15, 1),
(7, 18, 1),
(8, 20, 1),
(9, 1, 1),
(10, 4, 1),
(11, 6, 1),
(12, 9, 1),
(13, 11, 1),
(14, 14, 1),
(15, 16, 1),
(16, 19, 1),
(17, 2, 1),
(18, 7, 1),
(19, 13, 1),
(20, 17, 1),
(21, 3, 1),
(22, 6, 1),
(23, 9, 1),
(24, 12, 1),
(25, 15, 1),
(26, 18, 1),
(27, 1, 1),
(28, 5, 1),
(29, 8, 1),
(30, 11, 1),
(31, 14, 1),
(32, 17, 1),
(33, 20, 1),
(34, 2, 1),
(35, 7, 1),
(36, 10, 1),
(37, 13, 1),
(38, 16, 1),
(39, 19, 1),
(40, 4, 1),
(41, 6, 1),
(42, 9, 1),
(43, 11, 1),
(44, 14, 1),
(45, 17, 1),
(46, 20, 1),
(47, 2, 1),
(48, 5, 1),
(49, 8, 1),
(50, 10, 1);

-- CATEGORY
INSERT INTO "category" (id, parent_category_id, name) VALUES
(1, NULL, 'Computer Accessories'),
(2, 1, 'Keyboards & Mice'),
(3, 1, 'Headphones & Audio'),
(4, 1, 'Storage Devices'),
(5, NULL, 'Smartphones & Accessories'),
(6, 5, 'Phone Cases'),
(7, 5, 'Chargers & Power Banks'),
(8, NULL, 'Gaming'),
(9, 8, 'Gaming Peripherals'),
(10, 8, 'Gaming Laptops'),
(11, NULL, 'Home Electronics'),
(12, 11, 'Smart Home Devices'),
(13, 11, 'Cameras & Security'),
(14, NULL, 'Office Equipment'),
(15, 14, 'Ergonomics & Furniture'),
(16, NULL, 'Audio & Video'),
(17, 16, 'Speakers & Sound'),
(18, 16, 'Monitors & Screens'),
(19, NULL, 'Wearable Tech'),
(20, NULL, 'Other Electronics');

-- PRODUCT
INSERT INTO "product" (product_number, category_id, name, description, quantity_in_stock, price, archived) VALUES
('P1001', 1, 'Wireless Mouse', 'Ergonomic wireless mouse with long battery life', 50, 29.99, 0),
('P1002', 2, 'Mechanical Keyboard', 'RGB backlit mechanical keyboard with blue switches', 30, 79.99, 0),
('P1003', 3, 'Gaming Headset', 'Surround sound headset with noise-canceling mic', 20, 59.99, 0),
('P1004', NULL, 'USB-C Hub', 'Multi-port hub with HDMI, USB, and Ethernet', 15, 34.99, 0),
('P1005', 4, 'Portable SSD', '1TB high-speed external SSD', 10, 129.99, 0),
('P1006', 2, 'Laptop Stand', 'Adjustable aluminum laptop stand', 25, 39.99, 0),
('P1007', 5, 'Smartphone Case', 'Shockproof and waterproof case for smartphones', 100, 19.99, 0),
('P1008', 1, 'Bluetooth Speaker', 'Portable speaker with deep bass', 40, 49.99, 0),
('P1009', 3, 'Noise Cancelling Headphones', 'Wireless over-ear noise-canceling headphones', 15, 199.99, 0),
('P1010', 4, '4K Monitor', '27-inch UHD monitor with HDR support', 5, 349.99, 0),
('P1011', 2, 'Wireless Charger', 'Fast wireless charging pad', 60, 24.99, 0),
('P1012', NULL, 'Smartwatch', 'Fitness tracker with heart rate monitor', 30, 89.99, 0),
('P1013', 5, 'Gaming Mousepad', 'Extra-large mousepad with anti-slip base', 50, 14.99, 0),
('P1014', 3, 'Webcam', '1080p HD webcam with auto-focus', 20, 69.99, 0),
('P1015', 4, 'External Hard Drive', '2TB portable external hard drive', 30, 79.99, 0),
('P1016', 1, 'Mechanical Pencil', 'Precision mechanical pencil for professionals', 200, 4.99, 0),
('P1017', 2, 'Office Chair', 'Ergonomic office chair with lumbar support', 8, 179.99, 0),
('P1018', NULL, 'Graphic Tablet', 'Professional drawing tablet with pen', 12, 259.99, 0),
('P1019', 5, 'Power Bank', '10,000mAh fast-charging power bank', 70, 34.99, 0),
('P1020', 3, 'VR Headset', 'Wireless virtual reality headset', 5, 399.99, 0),
('P1021', 4, 'Wireless Earbuds', 'True wireless earbuds with ANC', 20, 99.99, 0),
('P1022', 1, 'Tripod', 'Adjustable tripod with phone mount', 15, 29.99, 0),
('P1023', 2, 'USB Flash Drive', '128GB high-speed USB 3.0 drive', 80, 22.99, 0),
('P1024', 5, 'Router', 'Wi-Fi 6 dual-band router', 10, 149.99, 0),
('P1025', NULL, 'Smart Light Bulb', 'Wi-Fi controlled smart LED bulb', 50, 12.99, 0),
('P1026', 3, 'Wireless Keyboard', 'Compact Bluetooth keyboard', 30, 49.99, 0),
('P1027', 4, 'PC Case', 'Mid-tower ATX case with tempered glass', 10, 89.99, 0),
('P1028', 2, 'Wireless Gaming Controller', 'Bluetooth gamepad with customizable buttons', 20, 59.99, 0),
('P1029', 5, 'Portable Projector', 'Mini HD projector with built-in speaker', 8, 219.99, 0),
('P1030', 3, 'Smart Thermostat', 'Energy-saving smart home thermostat', 12, 129.99, 0),
('P1031', NULL, 'Dash Cam', '1080p dash camera with night vision', 18, 79.99, 1),
('P1032', 4, 'Wi-Fi Extender', 'Dual-band Wi-Fi range extender', 25, 34.99, 1),
('P1033', 2, 'Mechanical Keyboard (Red Switch)', 'Low-noise mechanical keyboard with red switches', 30, 84.99, 1),
('P1034', 1, 'Gaming Laptop', 'High-performance gaming laptop with RTX GPU', 5, 1499.99, 1),
('P1035', 3, 'Smart Plug', 'Wi-Fi enabled smart power plug', 40, 16.99, 0),
('P1036', 5, 'Wireless Doorbell', 'Smart video doorbell with motion detection', 15, 109.99, 0),
('P1037', NULL, 'Graphics Card', 'Latest-gen GPU with 12GB VRAM', 3, 799.99, 1),
('P1038', 4, 'Mechanical Watch', 'Automatic wristwatch with sapphire glass', 10, 249.99, 0),
('P1039', 1, 'Dash Cam Pro', 'Advanced dash cam with GPS and night vision', 8, 199.99, 1),
('P1040', 3, 'Bluetooth Adapter', 'USB Bluetooth adapter for PC', 50, 14.99, 0),
('P1041', 2, 'Wireless Keyboard & Mouse Combo', 'Ergonomic keyboard and mouse set', 35, 64.99, 0),
('P1042', 5, 'Action Camera', '4K action camera with waterproof case', 12, 299.99, 0),
('P1043', NULL, 'Indoor Security Camera', '1080p Wi-Fi security camera', 25, 49.99, 0),
('P1044', 4, 'Digital Picture Frame', 'Smart photo frame with cloud storage', 20, 129.99, 1),
('P1045', 3, 'Smart Scale', 'Bluetooth body composition scale', 30, 39.99, 0),
('P1046', 2, 'Portable Coffee Maker', 'Compact espresso machine for travel', 18, 79.99, 0),
('P1047', 1, 'Car Vacuum Cleaner', 'Handheld cordless car vacuum', 22, 45.99, 0),
('P1048', 5, 'Smart Garden Light', 'Solar-powered LED smart light', 40, 29.99, 0),
('P1049', 4, 'Electric Toothbrush', 'Rechargeable toothbrush with smart timer', 35, 59.99, 0),
('P1050', 3, '3D Printer', 'DIY 3D printer kit for home use', 5, 399.99, 1);

-- PRODUCT_IMAGE
INSERT INTO "product_image" (product_id, path, width, height, type, size) VALUES
(1, 'images/product_1_image_1.jpg', 800, 600, 'jpg', 1500),
(2, 'images/product_2_image_1.jpg', 1024, 768, 'jpg', 2500),
(3, 'images/product_3_image_1.jpg', 640, 480, 'jpg', 1000),
(4, 'images/product_4_image_1.png', 1200, 900, 'png', 3000),
(5, 'images/product_5_image_1.png', 1280, 720, 'png', 3500),
(6, 'images/product_6_image_1.jpg', 1600, 1200, 'jpg', 4000),
(7, 'images/product_7_image_1.gif', 800, 600, 'gif', 2000),
(8, 'images/product_8_image_1.png', 1024, 1024, 'png', 2700),
(9, 'images/product_9_image_1.jpg', 640, 360, 'jpg', 800),
(10, 'images/product_10_image_1.png', 1920, 1080, 'png', 5000),
(11, 'images/product_11_image_1.jpg', 800, 800, 'jpg', 1800),
(12, 'images/product_12_image_1.png', 1024, 768, 'png', 2200),
(13, 'images/product_13_image_1.jpg', 1280, 960, 'jpg', 3000),
(14, 'images/product_14_image_1.gif', 640, 480, 'gif', 1500),
(15, 'images/product_15_image_1.png', 1366, 768, 'png', 2800),
(16, 'images/product_16_image_1.jpg', 1280, 720, 'jpg', 2100),
(17, 'images/product_17_image_1.jpg', 1920, 1080, 'jpg', 4500),
(18, 'images/product_18_image_1.png', 1024, 768, 'png', 2600),
(19, 'images/product_19_image_1.jpg', 640, 480, 'jpg', 1200),
(20, 'images/product_20_image_1.gif', 1600, 900, 'gif', 3300),
(21, 'images/product_21_image_1.png', 800, 600, 'png', 1600),
(22, 'images/product_22_image_1.jpg', 1024, 1024, 'jpg', 2700),
(23, 'images/product_23_image_1.jpg', 1280, 720, 'jpg', 3100),
(24, 'images/product_24_image_1.png', 1366, 768, 'png', 2500),
(25, 'images/product_25_image_1.gif', 800, 600, 'gif', 2200),
(26, 'images/product_26_image_1.png', 1024, 768, 'png', 3000),
(27, 'images/product_27_image_1.jpg', 1920, 1080, 'jpg', 3700),
(28, 'images/product_28_image_1.jpg', 640, 360, 'jpg', 800),
(29, 'images/product_29_image_1.gif', 800, 600, 'gif', 1400),
(30, 'images/product_30_image_1.png', 1280, 720, 'png', 2600),
(31, 'images/product_31_image_1.jpg', 1600, 1200, 'jpg', 4100),
(32, 'images/product_32_image_1.jpg', 1024, 768, 'jpg', 2000),
(33, 'images/product_33_image_1.png', 1280, 960, 'png', 3300),
(34, 'images/product_34_image_1.gif', 640, 480, 'gif', 1500),
(35, 'images/product_35_image_1.jpg', 800, 600, 'jpg', 1800),
(36, 'images/product_36_image_1.png', 1024, 768, 'png', 2200),
(37, 'images/product_37_image_1.jpg', 1280, 960, 'jpg', 3200),
(38, 'images/product_38_image_1.png', 1366, 768, 'png', 2900),
(39, 'images/product_39_image_1.jpg', 1600, 1200, 'jpg', 4100),
(40, 'images/product_40_image_1.gif', 1024, 768, 'gif', 2300),
(41, 'images/product_41_image_1.jpg', 640, 480, 'jpg', 1000),
(42, 'images/product_42_image_1.png', 1920, 1080, 'png', 5000),
(43, 'images/product_43_image_1.jpg', 800, 600, 'jpg', 2100),
(44, 'images/product_44_image_1.gif', 1024, 1024, 'gif', 3200),
(45, 'images/product_45_image_1.jpg', 1366, 768, 'jpg', 2800),
(46, 'images/product_46_image_1.png', 1280, 720, 'png', 2500),
(47, 'images/product_47_image_1.gif', 800, 600, 'gif', 2000),
(48, 'images/product_48_image_1.jpg', 1024, 768, 'jpg', 2300),
(49, 'images/product_49_image_1.png', 1366, 768, 'png', 2800),
(50, 'images/product_50_image_1.gif', 1600, 1200, 'gif', 3300);

-- USER_FAVORITE_PRODUCT
INSERT INTO "user_favorite_product" (user_id, product_id) VALUES
(1, 10), (2, 15), (3, 20), (4, 25), (5, 30),
(6, 35), (7, 40), (8, 45), (9, 50), (11, 12),
(12, 18), (13, 23), (14, 28), (15, 33), (16, 38),
(17, 43), (18, 48), (19, 2), (20, 7), (21, 14),
(22, 19), (23, 24), (24, 29), (25, 34), (26, 39),
(27, 44), (28, 49), (29, 4), (30, 9), (31, 16),
(32, 21), (33, 26), (34, 31), (35, 36), (36, 41),
(37, 46), (38, 1), (39, 6), (40, 11), (41, 17),
(42, 22), (43, 27), (44, 32), (45, 37), (46, 42),
(47, 47), (48, 3), (49, 8), (50, 13),
(1, 18),(2, 22), (3, 26), (4, 30), (5, 34),
(6, 38), (7, 42), (8, 46), (10, 4), (11, 9),
(12, 14), (13, 19), (14, 24), (15, 29), (16, 33),
(17, 37), (18, 41), (19, 45), (20, 49), (21, 3),
(22, 8), (23, 13), (24, 17), (25, 21), (26, 25),
(27, 28), (28, 31), (29, 35), (30, 39), (31, 43),
(32, 47), (33, 2), (34, 6), (35, 10), (36, 15),
(37, 20), (38, 23), (39, 27), (40, 32), (41, 36),
(42, 40), (43, 44), (44, 48), (45, 1), (46, 5),
(47, 11), (48, 16), (49, 22), (50, 30);

-- SHOPPING_CART
INSERT INTO "shopping_cart" (user_id, product_id, quantity) VALUES
(1, 2, 9), (1, 10, 7), (2, 19, 5), (2, 36, 10), (3, 7, 1),
(3, 25, 7), (3, 39, 8), (3, 31, 8), (5, 47, 10),
(6, 40, 3), (6, 45, 9), (6, 41, 7), (7, 31, 1), (8, 7, 1),
(8, 14, 6), (8, 17, 10), (9, 30, 1), (9, 48, 3), (10, 33, 10),
(10, 45, 3), (11, 8, 8), (11, 49, 3), (11, 50, 4), (13, 17, 9),
(13, 39, 5), (13, 45, 7), (13, 49, 3), (13, 40, 2), (13, 16, 4),
(15, 23, 3), (15, 42, 2), (16, 10, 5), (16, 37, 5), (16, 3, 5),
(17, 46, 4), (18, 45, 4), (18, 41, 8), (18, 44, 8), (19, 3, 7),
(19, 50, 5), (19, 14, 6), (20, 2, 2), (21, 44, 4), (21, 49, 8),
(22, 45, 8), (23, 31, 8), (23, 25, 5), (24, 3, 6), (24, 30, 8),
(24, 20, 9), (25, 21, 3), (26, 27, 5), (27, 9, 4), (28, 34, 4),
(28, 16, 9), (29, 1, 6), (29, 13, 9), (30, 31, 7), (30, 30, 8),
(30, 41, 6), (31, 18, 10), (32, 23, 6), (32, 14, 2), (33, 25, 6),
(33, 2, 9), (34, 36, 9), (34, 21, 3), (35, 8, 10), (35, 37, 2),
(36, 27, 10), (36, 32, 10), (37, 5, 3), (37, 22, 2), (38, 13, 10),
(39, 30, 1), (39, 48, 7), (40, 32, 1), (40, 4, 5), (40, 45, 2),
(41, 30, 5), (42, 6, 8), (43, 4, 9), (43, 3, 9), (44, 9, 9),
(44, 5, 7), (44, 3, 9), (44, 13, 5), (44, 40, 10), (45, 1, 10),
(46, 15, 8), (47, 22, 9), (48, 18, 2), (49, 21, 3), (50, 11, 1),
(50, 40, 9);

-- USER_PAYMENT_METHOD
INSERT INTO "user_payment_method" (user_id, card_number, card_holder, expiry_date, cvv, is_default) VALUES
(28, '1234567812345678', 'Amy Scott', '2026-12-01', '123', 1),
(31, '2345678923456789', 'Andrew Sanchez', '2025-11-01', '234', 1),
(47, '3456789034567890', 'Angela Hall', '2025-10-01', '345', 1),
(38, '4567890145678901', 'Ashley Bell', '2027-09-01', '456', 1),
(12, '5678901256789012', 'Barbara Davis', '2026-08-01', '567', 1),
(48, '6789012367890123', 'Benjamin Brown', '2027-07-01', '678', 1),
(40, '7890123478901234', 'Brandon Miller', '2026-06-01', '789', 1),
(15, '8901234589012345', 'Charles Jackson', '2025-05-01', '890', 1),
(50, '9012345690123456', 'Cynthia Mitchell', '2027-04-01', '901', 1),
(20, '1023456701234567', 'Daniel Walker', '2025-03-01', '102', 1),
(5, '2134567812345679', 'David Thomas', '2026-02-01', '213', 1),
(30, '3245678923456790', 'Donald Adams', '2027-01-01', '324', 1),
(26, '4356789034566791', 'Dorothy Wright', '2027-12-01', '435', 1),
(14, '5467890145676902', 'Elizabeth Anderson', '2025-11-01', '546', 1),
(37, '6578901256787013', 'Eric Hall', '2026-10-01', '657', 1),
(24, '7689012367897124', 'George Allen', '2028-09-01', '768', 1),
(41, '8790123478907235', 'Heather Martin', '2027-08-01', '879', 1),
(49, '9801234589017346', 'Jacob Lopez', '2025-07-01', '980', 1),
(13, '0912345690127457', 'James Martinez', '2028-06-01', '091', 1),
(33, '2023456701237568', 'Jason Harris', '2026-05-01', '202', 1),
(10, '3134567812347679', 'Jennifer Lopez', '2027-04-01', '313', 1),
(21, '4245678923457780', 'Jessica Robinson', '2025-03-01', '424', 1),
(44, '5356789034567891', 'Joel Hill', '2029-02-01', '535', 1),
(1, '6467890145677902', 'John Smith', '2026-01-01', '646', 1),
(16, '7578901256788013', 'Joseph Harris', '2025-12-01', '757', 1),
(34, '8689012367898124', 'Julia Ward', '2027-11-01', '868', 1),
(3, '9790123478908235', 'Kevin Brown', '2026-10-01', '979', 1),
(32, '0801234589018346', 'Kimberly Lee', '2025-09-01', '080', 1),
(4, '1912345690128457', 'Linda White', '2026-08-01', '191', 1),
(19, '2023456701238568', 'Margaret Lewis', '2026-07-01', '202', 1),
(45, '3134567812348679', 'Maria Garcia', '2025-06-01', '313', 1),
(2, '4245678923458780', 'Mary Jones', '2027-05-01', '424', 1),
(36, '5356789034568891', 'Melissa Cook', '2026-04-01', '535', 1),
(9, '6467890145678902', 'Michael Garcia', '2027-03-01', '646', 1),
(29, '7578901256789013', 'Nancy Green', '2027-02-01', '757', 1),
(8, '8689012367899124', 'Patricia Moore', '2027-01-01', '868', 1),
(35, '9790123478909235', 'Patrick Morris', '2026-12-01', '979', 1),
(22, '0801234589019346', 'Paul Hall', '2027-11-01', '080', 1),
(46, '1912345690129457', 'Peter Sanchez', '2027-10-01', '191', 1),
(23, '2023456701239568', 'Rebecca Young', '2025-08-01', '202', 1),
(7, '3134567812349679', 'Robert Miller', '2026-09-01', '313', 1),
(27, '4245678923459780', 'Ryan Lopez', '2026-07-01', '424', 1),
(6, '5356789034569891', 'Sarah Wilson', '2025-05-01', '535', 1),
(42, '6467890145679902', 'Sean Parker', '2027-01-01', '646', 1),
(25, '7578901256780013', 'Stephen King', '2027-08-01', '757', 1),
(17, '8689012367890124', 'Susan Clark', '2025-04-01', '868', 1),
(18, '9790123478900235', 'Thomas Rodriguez', '2026-11-01', '979', 1),
(39, '0801234589010346', 'Timothy Evans', '2027-12-01', '080', 1),
(43, '1912345690121457', 'Victoria Davis', '2025-10-01', '191', 1),
(11, '2023456701232568', 'William Jones', '2027-03-01', '202', 1);

-- SHIPPING_METHOD
-- Speedy shipping methods
INSERT INTO "shipping_method" (company, type, price) VALUES
('Speedy', 'Standard', 5.99),
('Speedy', 'Express', 9.99),
('Speedy', 'Same Day', 14.99);

-- Econt shipping methods
INSERT INTO "shipping_method" (company, type, price) VALUES
('Econt', 'Standard', 4.99),
('Econt', 'Express', 8.99),
('Econt', 'Same Day', 13.99);

-- SHOP_ORDER
INSERT INTO "shop_order" (user_id, shipping_address_id, shipping_method_id, payment_method_id, order_total) VALUES
(28, 5, 2, 1, 120.50),
(31, 14, 4, 2, 89.75),
(47, 2, 1, 3, 45.30),
(38, 16, 5, 4, 200.90),
(12, 9, 3, 5, 150.60),
(48, 5, 6, 6, 70.10),
(40, 4, 2, 7, 99.95),
(15, 16, 4, 8, 130.80),
(50, 10, 1, 9, 52.40),
(20, 17, 3, 10, 75.00),
(5, 12, 5, 11, 110.25),
(30, 11, 6, 12, 89.00),
(26, 18, 1, 13, 150.00),
(14, 14, 3, 14, 80.20),
(37, 13, 2, 15, 65.50),
(24, 12, 4, 16, 145.10),
(41, 6, 6, 17, 95.90),
(49, 8, 1, 18, 200.50),
(13, 11, 3, 19, 50.80),
(33, 20, 2, 20, 140.30),
(10, 4, 5, 21, 60.25),
(21, 3, 6, 22, 80.60),
(44, 14, 1, 23, 180.90),
(1, 3, 2, 24, 100.70),
(16, 19, 3, 25, 120.40),
(34, 2, 4, 26, 150.10),
(3, 8, 5, 27, 150.20),
(32, 17, 6, 28, 130.70),
(4, 10, 1, 29, 95.60),
(19, 13, 2, 30, 70.20),
(45, 17, 3, 31, 85.40),
(2, 5, 4, 32, 95.30),
(36, 10, 5, 33, 100.10),
(9, 1, 6, 34, 75.50),
(29, 8, 1, 35, 80.90),
(8, 20, 2, 36, 60.10),
(35, 7, 3, 37, 95.00),
(22, 6, 4, 38, 130.20),
(46, 20, 5, 39, 70.30),
(23, 9, 6, 40, 95.20),
(7, 18, 1, 41, 80.50),
(27, 1, 2, 42, 120.80),
(6, 15, 3, 43, 85.60),
(42, 9, 4, 44, 60.60),
(25, 15, 5, 45, 75.80),
(17, 2, 6, 46, 120.90),
(18, 7, 1, 47, 100.60),
(39, 19, 2, 48, 90.10),
(43, 11, 3, 49, 120.50),
(11, 6, 4, 50, 130.00),
(28, 5, 2, 1, 150.60),
(31, 14, 4, 2, 75.20),
(47, 2, 1, 3, 110.30),
(38, 16, 5, 4, 200.10),
(12, 9, 3, 5, 130.20),
(48, 5, 6, 6, 120.70),
(40, 4, 2, 7, 95.40),
(15, 16, 4, 8, 140.80),
(50, 10, 1, 9, 65.50),
(20, 17, 3, 10, 75.60),
(5, 12, 5, 11, 120.10),
(30, 11, 6, 12, 80.50),
(26, 18, 1, 13, 140.70),
(14, 14, 3, 14, 100.90),
(37, 13, 2, 15, 70.10),
(24, 12, 4, 16, 85.30),
(41, 6, 6, 17, 110.00),
(49, 8, 1, 18, 200.20),
(13, 11, 3, 19, 65.70),
(33, 20, 2, 20, 95.60),
(10, 4, 5, 21, 80.40),
(21, 3, 6, 22, 60.90),
(44, 14, 1, 23, 110.30),
(1, 3, 2, 24, 120.90),
(16, 19, 3, 25, 130.40),
(34, 2, 4, 26, 150.70),
(3, 8, 5, 27, 95.00),
(32, 17, 6, 28, 75.80),
(4, 10, 1, 29, 95.10),
(19, 13, 2, 30, 70.60),
(45, 17, 3, 31, 80.50),
(2, 5, 4, 32, 95.20),
(36, 10, 5, 33, 100.80),
(9, 1, 6, 34, 75.40),
(29, 8, 1, 35, 65.30),
(8, 20, 2, 36, 85.60),
(35, 7, 3, 37, 100.40),
(22, 6, 4, 38, 75.80),
(46, 20, 5, 39, 95.00),
(23, 9, 6, 40, 70.90),
(7, 18, 1, 41, 100.20),
(27, 1, 2, 42, 75.30),
(6, 15, 3, 43, 85.80),
(42, 9, 4, 44, 65.90),
(25, 15, 5, 45, 90.10),
(17, 2, 6, 46, 120.40),
(18, 7, 1, 47, 100.60),
(39, 19, 2, 48, 95.00),
(43, 11, 3, 49, 75.90),
(11, 6, 4, 50, 85.30);

-- ORDER_PRODUCT
INSERT INTO "order_product" (order_id, product_id, quantity, total_price) VALUES
(1, 5, 2, 50.00),
(2, 10, 1, 25.50),
(3, 15, 3, 60.00),
(4, 20, 1, 20.00),
(5, 25, 4, 80.00),
(6, 30, 2, 40.50),
(7, 35, 5, 100.00),
(8, 40, 3, 30.00),
(9, 45, 1, 15.00),
(10, 50, 6, 120.00),
(11, 10, 2, 55.00),
(12, 20, 3, 75.00),
(13, 25, 1, 30.00),
(14, 30, 4, 50.00),
(15, 35, 1, 15.00),
(16, 40, 5, 100.00),
(17, 45, 2, 40.00),
(18, 50, 3, 60.00),
(19, 10, 4, 50.00),
(20, 20, 5, 100.00),
(21, 25, 2, 45.00),
(22, 30, 1, 25.00),
(23, 35, 3, 90.00),
(24, 40, 6, 150.00),
(25, 45, 2, 60.00),
(26, 50, 3, 75.00),
(27, 5, 1, 20.00),
(28, 10, 3, 60.00),
(29, 15, 2, 40.00),
(30, 20, 1, 25.00),
(31, 25, 5, 100.00),
(32, 30, 3, 90.00),
(33, 35, 4, 80.00),
(34, 40, 2, 50.00),
(35, 45, 6, 180.00),
(36, 50, 1, 15.00),
(37, 10, 5, 120.00),
(38, 20, 2, 50.00),
(39, 25, 4, 80.00),
(40, 30, 6, 150.00),
(41, 35, 2, 40.00),
(42, 40, 3, 75.00),
(43, 45, 1, 20.00),
(44, 50, 4, 100.00),
(45, 5, 2, 50.00),
(46, 10, 4, 80.00),
(47, 15, 1, 20.00),
(48, 20, 3, 60.00),
(49, 25, 6, 180.00),
(50, 30, 2, 45.00),
(51, 35, 1, 25.00),
(52, 40, 5, 125.00),
(53, 45, 3, 75.00),
(54, 50, 2, 40.00),
(55, 10, 1, 20.00),
(56, 20, 6, 150.00),
(57, 25, 2, 50.00),
(58, 30, 4, 100.00),
(59, 35, 5, 120.00),
(60, 40, 3, 75.00),
(61, 45, 6, 180.00),
(62, 50, 1, 15.00),
(63, 5, 4, 80.00),
(64, 10, 2, 40.00),
(65, 15, 3, 90.00),
(66, 20, 1, 20.00),
(67, 25, 5, 125.00),
(68, 30, 3, 75.00),
(69, 35, 6, 180.00),
(70, 40, 2, 50.00),
(71, 45, 4, 100.00),
(72, 50, 3, 75.00),
(73, 10, 5, 120.00),
(74, 20, 2, 45.00),
(75, 25, 6, 150.00),
(76, 30, 4, 100.00),
(77, 35, 1, 20.00),
(78, 40, 3, 60.00),
(79, 45, 5, 125.00),
(80, 50, 2, 40.00),
(81, 5, 3, 75.00),
(82, 10, 6, 180.00),
(83, 15, 1, 25.00),
(84, 20, 4, 90.00),
(85, 25, 2, 50.00),
(86, 30, 5, 125.00),
(87, 35, 3, 75.00),
(88, 40, 1, 20.00),
(89, 45, 4, 100.00),
(90, 50, 6, 180.00),
(91, 5, 2, 50.00),
(92, 10, 1, 20.00),
(93, 15, 5, 120.00),
(94, 20, 3, 60.00),
(95, 25, 6, 150.00),
(96, 30, 4, 100.00),
(97, 35, 2, 40.00),
(98, 40, 1, 25.00),
(99, 45, 3, 75.00),
(100, 50, 5, 125.00),
(1, 6, 3, 90.00),
(2, 12, 4, 100.00),
(3, 18, 5, 120.00),
(4, 24, 1, 20.00),
(5, 30, 2, 50.00),
(6, 36, 3, 75.00),
(7, 42, 4, 100.00),
(8, 48, 2, 40.00),
(9, 5, 1, 20.00),
(10, 11, 6, 180.00),
(11, 17, 3, 60.00),
(12, 23, 5, 120.00),
(13, 29, 4, 100.00),
(14, 35, 1, 25.00),
(15, 41, 2, 50.00),
(16, 47, 5, 125.00),
(17, 6, 1, 20.00),
(18, 12, 4, 80.00),
(19, 18, 3, 75.00),
(20, 24, 5, 125.00);

-- ORDER_STATUS
INSERT INTO "order_status" (id, order_id, status, timestamp) VALUES
(1, 1, 'Pending', CURRENT_TIMESTAMP),
(2, 2, 'Shipped', CURRENT_TIMESTAMP),
(3, 3, 'Delivered', CURRENT_TIMESTAMP),
(4, 4, 'Pending', CURRENT_TIMESTAMP),
(5, 5, 'Processing', CURRENT_TIMESTAMP),
(6, 6, 'Shipped', CURRENT_TIMESTAMP),
(7, 7, 'Delivered', CURRENT_TIMESTAMP),
(8, 8, 'Cancelled', CURRENT_TIMESTAMP),
(9, 9, 'Pending', CURRENT_TIMESTAMP),
(10, 10, 'Shipped', CURRENT_TIMESTAMP),
(11, 11, 'Delivered', CURRENT_TIMESTAMP),
(12, 12, 'Processing', CURRENT_TIMESTAMP),
(13, 13, 'Pending', CURRENT_TIMESTAMP),
(14, 14, 'Shipped', CURRENT_TIMESTAMP),
(15, 15, 'Cancelled', CURRENT_TIMESTAMP),
(16, 16, 'Processing', CURRENT_TIMESTAMP),
(17, 17, 'Delivered', CURRENT_TIMESTAMP),
(18, 18, 'Pending', CURRENT_TIMESTAMP),
(19, 19, 'Shipped', CURRENT_TIMESTAMP),
(20, 20, 'Delivered', CURRENT_TIMESTAMP),
(21, 21, 'Pending', CURRENT_TIMESTAMP),
(22, 22, 'Shipped', CURRENT_TIMESTAMP),
(23, 23, 'Delivered', CURRENT_TIMESTAMP),
(24, 24, 'Cancelled', CURRENT_TIMESTAMP),
(25, 25, 'Processing', CURRENT_TIMESTAMP),
(26, 26, 'Shipped', CURRENT_TIMESTAMP),
(27, 27, 'Delivered', CURRENT_TIMESTAMP),
(28, 28, 'Pending', CURRENT_TIMESTAMP),
(29, 29, 'Shipped', CURRENT_TIMESTAMP),
(30, 30, 'Delivered', CURRENT_TIMESTAMP),
(31, 31, 'Cancelled', CURRENT_TIMESTAMP),
(32, 32, 'Processing', CURRENT_TIMESTAMP),
(33, 33, 'Shipped', CURRENT_TIMESTAMP),
(34, 34, 'Delivered', CURRENT_TIMESTAMP),
(35, 35, 'Pending', CURRENT_TIMESTAMP),
(36, 36, 'Shipped', CURRENT_TIMESTAMP),
(37, 37, 'Delivered', CURRENT_TIMESTAMP),
(38, 38, 'Cancelled', CURRENT_TIMESTAMP),
(39, 39, 'Processing', CURRENT_TIMESTAMP),
(40, 40, 'Pending', CURRENT_TIMESTAMP),
(41, 41, 'Shipped', CURRENT_TIMESTAMP),
(42, 42, 'Delivered', CURRENT_TIMESTAMP),
(43, 43, 'Pending', CURRENT_TIMESTAMP),
(44, 44, 'Shipped', CURRENT_TIMESTAMP),
(45, 45, 'Cancelled', CURRENT_TIMESTAMP),
(46, 46, 'Processing', CURRENT_TIMESTAMP),
(47, 47, 'Delivered', CURRENT_TIMESTAMP),
(48, 48, 'Pending', CURRENT_TIMESTAMP),
(49, 49, 'Shipped', CURRENT_TIMESTAMP),
(50, 50, 'Delivered', CURRENT_TIMESTAMP),
(51, 51, 'Cancelled', CURRENT_TIMESTAMP),
(52, 52, 'Processing', CURRENT_TIMESTAMP),
(53, 53, 'Shipped', CURRENT_TIMESTAMP),
(54, 54, 'Delivered', CURRENT_TIMESTAMP),
(55, 55, 'Pending', CURRENT_TIMESTAMP),
(56, 56, 'Shipped', CURRENT_TIMESTAMP),
(57, 57, 'Delivered', CURRENT_TIMESTAMP),
(58, 58, 'Cancelled', CURRENT_TIMESTAMP),
(59, 59, 'Processing', CURRENT_TIMESTAMP),
(60, 60, 'Shipped', CURRENT_TIMESTAMP),
(61, 61, 'Delivered', CURRENT_TIMESTAMP),
(62, 62, 'Pending', CURRENT_TIMESTAMP),
(63, 63, 'Shipped', CURRENT_TIMESTAMP),
(64, 64, 'Delivered', CURRENT_TIMESTAMP),
(65, 65, 'Cancelled', CURRENT_TIMESTAMP),
(66, 66, 'Processing', CURRENT_TIMESTAMP),
(67, 67, 'Shipped', CURRENT_TIMESTAMP),
(68, 68, 'Delivered', CURRENT_TIMESTAMP),
(69, 69, 'Pending', CURRENT_TIMESTAMP),
(70, 70, 'Shipped', CURRENT_TIMESTAMP),
(71, 71, 'Delivered', CURRENT_TIMESTAMP),
(72, 72, 'Cancelled', CURRENT_TIMESTAMP),
(73, 73, 'Processing', CURRENT_TIMESTAMP),
(74, 74, 'Shipped', CURRENT_TIMESTAMP),
(75, 75, 'Delivered', CURRENT_TIMESTAMP),
(76, 76, 'Pending', CURRENT_TIMESTAMP),
(77, 77, 'Shipped', CURRENT_TIMESTAMP),
(78, 78, 'Delivered', CURRENT_TIMESTAMP),
(79, 79, 'Cancelled', CURRENT_TIMESTAMP),
(80, 80, 'Processing', CURRENT_TIMESTAMP),
(81, 81, 'Shipped', CURRENT_TIMESTAMP),
(82, 82, 'Delivered', CURRENT_TIMESTAMP),
(83, 83, 'Pending', CURRENT_TIMESTAMP),
(84, 84, 'Shipped', CURRENT_TIMESTAMP),
(85, 85, 'Delivered', CURRENT_TIMESTAMP),
(86, 86, 'Cancelled', CURRENT_TIMESTAMP),
(87, 87, 'Processing', CURRENT_TIMESTAMP),
(88, 88, 'Shipped', CURRENT_TIMESTAMP),
(89, 89, 'Delivered', CURRENT_TIMESTAMP),
(90, 90, 'Pending', CURRENT_TIMESTAMP),
(91, 91, 'Shipped', CURRENT_TIMESTAMP),
(92, 92, 'Delivered', CURRENT_TIMESTAMP),
(93, 93, 'Cancelled', CURRENT_TIMESTAMP),
(94, 94, 'Processing', CURRENT_TIMESTAMP),
(95, 95, 'Shipped', CURRENT_TIMESTAMP),
(96, 96, 'Delivered', CURRENT_TIMESTAMP),
(97, 97, 'Pending', CURRENT_TIMESTAMP),
(98, 98, 'Shipped', CURRENT_TIMESTAMP),
(99, 99, 'Delivered', CURRENT_TIMESTAMP),
(100, 100, 'Cancelled', CURRENT_TIMESTAMP),
(101, 1, 'Shipped', CURRENT_TIMESTAMP),
(102, 2, 'Delivered', CURRENT_TIMESTAMP),
(103, 3, 'Pending', CURRENT_TIMESTAMP),
(104, 4, 'Cancelled', CURRENT_TIMESTAMP),
(105, 5, 'Processing', CURRENT_TIMESTAMP),
(106, 6, 'Shipped', CURRENT_TIMESTAMP),
(107, 7, 'Delivered', CURRENT_TIMESTAMP),
(108, 8, 'Cancelled', CURRENT_TIMESTAMP),
(109, 9, 'Pending', CURRENT_TIMESTAMP),
(110, 10, 'Shipped', CURRENT_TIMESTAMP),
(111, 11, 'Delivered', CURRENT_TIMESTAMP),
(112, 12, 'Processing', CURRENT_TIMESTAMP),
(113, 13, 'Pending', CURRENT_TIMESTAMP),
(114, 14, 'Shipped', CURRENT_TIMESTAMP),
(115, 15, 'Cancelled', CURRENT_TIMESTAMP),
(116, 16, 'Processing', CURRENT_TIMESTAMP),
(117, 17, 'Delivered', CURRENT_TIMESTAMP),
(118, 18, 'Pending', CURRENT_TIMESTAMP),
(119, 19, 'Shipped', CURRENT_TIMESTAMP),
(120, 20, 'Delivered', CURRENT_TIMESTAMP),
(121, 21, 'Pending', CURRENT_TIMESTAMP),
(122, 22, 'Shipped', CURRENT_TIMESTAMP),
(123, 23, 'Delivered', CURRENT_TIMESTAMP),
(124, 24, 'Cancelled', CURRENT_TIMESTAMP),
(125, 25, 'Processing', CURRENT_TIMESTAMP),
(126, 26, 'Shipped', CURRENT_TIMESTAMP),
(127, 27, 'Delivered', CURRENT_TIMESTAMP),
(128, 28, 'Pending', CURRENT_TIMESTAMP),
(129, 29, 'Shipped', CURRENT_TIMESTAMP),
(130, 30, 'Delivered', CURRENT_TIMESTAMP),
(131, 31, 'Cancelled', CURRENT_TIMESTAMP),
(132, 32, 'Processing', CURRENT_TIMESTAMP),
(133, 33, 'Shipped', CURRENT_TIMESTAMP),
(134, 34, 'Delivered', CURRENT_TIMESTAMP),
(135, 35, 'Pending', CURRENT_TIMESTAMP),
(136, 36, 'Shipped', CURRENT_TIMESTAMP),
(137, 37, 'Delivered', CURRENT_TIMESTAMP),
(138, 38, 'Cancelled', CURRENT_TIMESTAMP),
(139, 39, 'Processing', CURRENT_TIMESTAMP),
(140, 40, 'Pending', CURRENT_TIMESTAMP),
(141, 41, 'Shipped', CURRENT_TIMESTAMP),
(142, 42, 'Delivered', CURRENT_TIMESTAMP),
(143, 43, 'Pending', CURRENT_TIMESTAMP),
(144, 44, 'Shipped', CURRENT_TIMESTAMP),
(145, 45, 'Cancelled', CURRENT_TIMESTAMP),
(146, 46, 'Processing', CURRENT_TIMESTAMP),
(147, 47, 'Delivered', CURRENT_TIMESTAMP),
(148, 48, 'Pending', CURRENT_TIMESTAMP),
(149, 49, 'Shipped', CURRENT_TIMESTAMP),
(150, 50, 'Delivered', CURRENT_TIMESTAMP),
(151, 51, 'Cancelled', CURRENT_TIMESTAMP),
(152, 52, 'Processing', CURRENT_TIMESTAMP),
(153, 53, 'Shipped', CURRENT_TIMESTAMP),
(154, 54, 'Delivered', CURRENT_TIMESTAMP),
(155, 55, 'Pending', CURRENT_TIMESTAMP),
(156, 56, 'Shipped', CURRENT_TIMESTAMP),
(157, 57, 'Delivered', CURRENT_TIMESTAMP),
(158, 58, 'Cancelled', CURRENT_TIMESTAMP),
(159, 59, 'Processing', CURRENT_TIMESTAMP),
(160, 60, 'Shipped', CURRENT_TIMESTAMP),
(161, 61, 'Delivered', CURRENT_TIMESTAMP),
(162, 62, 'Pending', CURRENT_TIMESTAMP),
(163, 63, 'Shipped', CURRENT_TIMESTAMP),
(164, 64, 'Delivered', CURRENT_TIMESTAMP),
(165, 65, 'Cancelled', CURRENT_TIMESTAMP),
(166, 66, 'Processing', CURRENT_TIMESTAMP),
(167, 67, 'Shipped', CURRENT_TIMESTAMP),
(168, 68, 'Delivered', CURRENT_TIMESTAMP),
(169, 69, 'Pending', CURRENT_TIMESTAMP),
(170, 70, 'Shipped', CURRENT_TIMESTAMP),
(171, 71, 'Delivered', CURRENT_TIMESTAMP),
(172, 72, 'Cancelled', CURRENT_TIMESTAMP),
(173, 73, 'Processing', CURRENT_TIMESTAMP),
(174, 74, 'Shipped', CURRENT_TIMESTAMP),
(175, 75, 'Delivered', CURRENT_TIMESTAMP),
(176, 76, 'Pending', CURRENT_TIMESTAMP),
(177, 77, 'Shipped', CURRENT_TIMESTAMP),
(178, 78, 'Delivered', CURRENT_TIMESTAMP),
(179, 79, 'Cancelled', CURRENT_TIMESTAMP),
(180, 80, 'Processing', CURRENT_TIMESTAMP),
(181, 81, 'Shipped', CURRENT_TIMESTAMP),
(182, 82, 'Delivered', CURRENT_TIMESTAMP),
(183, 83, 'Pending', CURRENT_TIMESTAMP),
(184, 84, 'Shipped', CURRENT_TIMESTAMP),
(185, 85, 'Delivered', CURRENT_TIMESTAMP),
(186, 86, 'Cancelled', CURRENT_TIMESTAMP),
(187, 87, 'Processing', CURRENT_TIMESTAMP),
(188, 88, 'Shipped', CURRENT_TIMESTAMP),
(189, 89, 'Delivered', CURRENT_TIMESTAMP),
(190, 90, 'Pending', CURRENT_TIMESTAMP),
(191, 91, 'Shipped', CURRENT_TIMESTAMP),
(192, 92, 'Delivered', CURRENT_TIMESTAMP),
(193, 93, 'Cancelled', CURRENT_TIMESTAMP),
(194, 94, 'Processing', CURRENT_TIMESTAMP),
(195, 95, 'Shipped', CURRENT_TIMESTAMP),
(196, 96, 'Delivered', CURRENT_TIMESTAMP),
(197, 97, 'Pending', CURRENT_TIMESTAMP),
(198, 98, 'Shipped', CURRENT_TIMESTAMP),
(199, 99, 'Delivered', CURRENT_TIMESTAMP),
(200, 100, 'Cancelled', CURRENT_TIMESTAMP);

